Skara Bara,Poligraficheski kombinat,60,true,0889824612,239.012901,102.219
Mimas,Grafa,15,false,0885524612,49.012901,32.219
